"17:06:02 07:30:00",antrez@mail.ru,true
"17:06:02 07:30:20",antrez770@gmail.com,true
a,"17:06:02 07:30:28",false
a@m,"17:06:02 07:30:34",false
"17:06:02 07:30:40",a@mail.ru,true
"17:06:02 07:32:40",a@m.ru,true
"17:06:02 07:34:39",a@m.ru,true
"17:06:02 07:35:26",anton@inbox.ru,true
"17:06:02 07:35:29",anton@inbox.ru,true
a,"17:06:02 07:35:35",false
"17:06:02 07:50:34",anton@inbox.ru,true
"17:06:02 07:51:41",anton@inbox.ru,true
"17:06:02 07:53:02",anton@inbox.ru,true
"17:06:02 07:54:08",anton@inbox.ru,true
"17:06:02 07:55:12",anton@inbox.ru,true
l,"17:06:02 07:57:51",false
"17:06:02 07:59:59",anton@inbox.ru,true
"17:06:02 08:00:44",anton@inbox.ru,true
"17:06:02 08:01:20",antrez@mail.ru,true
"17:06:02 08:02:45",anton@inbox.ru,true
"17:06:02 08:04:28",anton@inbox.ru,true
"17:06:02 08:05:27",anton@inbox.ru,true
"17:06:02 08:05:53",antrez@mail.ru,true
"17:06:02 08:07:55",a@m.ru,true
"17:06:02 08:09:59",anton@inbox.ru,true
,"17:06:02 08:11:51",false
nm,"17:06:02 08:12:32",false
,"17:06:02 08:12:46",false
,"17:06:02 08:15:18",false
"17:06:02 08:18:15",anton@inbox.ru,true
"17:06:02 08:18:39",anton@inbox.ru,true
"17:06:02 08:19:10",antrez@mail.ru,true
"17:06:02 08:20:29",anton@inbox.ru,true
"17:06:02 08:21:19",anton@inbox.ru,true
,"17:06:02 08:21:33",false
,"17:06:02 08:21:43",false
